{
	"options": {
		"src": ["**/*"],
		"bitwise": true,
		"browser": true,
		"camelcase": true,
		"curly": true,
		"eqeqeq": true,
		"forin": true,
		"immed": true,
		"indent": 2,
		"latedef": true,
		"newcap": true,
		"noarg": true,
		"noempty": true,
		"nonew": true,
		"plusplus": true,
		"quotmark": "double",
		"undef": true,
		"unused": "false",
		"strict": true,
		"trailing": true,
		"maxparams": 4,
		"maxdepth": 4,
		"maxerr": 500,
		"maxlen": 80,
		"asi": false,
		"boss": false,
		"debug": false,
		"eqnull": true,
		"evil": false,
		"expr": true,
		"funcscope": false,
		"globalstrict": false,
		"iterator": false,
		"lastsemic": false,
		"laxbreak": false,
		"laxcomma": true,
		"loopfunc": false,
		"multistr": true,
		"proto": false,
		"scripturl": false,
		"smarttabs": false,
		"shadow": false,
		"sub": false,
		"supernew": true,
		"nomen": true,
		"onevar": true,
		"white": false,
		"globals": {
			"$": true,
			"afterEach": true,
			"beforeEach": true,
			"describe": true,
			"expect": true,
			"getJSONFixture": true,
			"it": true,
			"jasmine": true,
			"jQuery": true,
			"sinon": true
		}
	}
}